filename, level_0, level_1, level_2, normal
levle0_55_jpg.rf.145ac932a91f6c8ab0d0b4910aacbe7d.jpg, 1, 0, 0, 0
download2_jpg.rf.0f254af1b136cf41737196acdbd293a2.jpg, 0, 0, 0, 1
levle2_120-Copy_jpg.rf.1bb0447f7ade073064fc2141dcab5d4e.jpg, 0, 0, 1, 0
levle1_391_jpg.rf.1a0b7593a6c597b755e17feef76156bc.jpg, 0, 1, 0, 0
1-1093-a_jpg.rf.07979ca48e12e5cbbcc0381f5e0eacb5.jpg, 0, 0, 0, 1
levle0_49_jpg.rf.0f9f0a1ee565869e0745c02df1e7323c.jpg, 1, 0, 0, 0
jjj5_jpg.rf.010e80f9b1df6ad257867e59f28eb0f8.jpg, 0, 0, 0, 1
20154_jpg.rf.04d04e6fd8b11289f49ac26332e7d64a.jpg, 0, 0, 0, 1
kkk1_jpg.rf.0bb8b1c03fa457aaf93befbae6b353db.jpg, 0, 0, 0, 1
images-3-_jpg.rf.0becbfcb096b74183e723af3ee358457.jpg, 0, 0, 0, 1
levle0_38_jpg.rf.194d4dbce47cf8a8f7a74f6861fdfda3.jpg, 1, 0, 0, 0
levle1_124q_jpg.rf.11028b838a76294a53b4f58fc94b5bf8.jpg, 0, 1, 0, 0
levle1_365_jpg.rf.133fb34f31c3ce0b86850fc43e9a7fbe.jpg, 0, 1, 0, 0
levle1_216a_jpg.rf.1485e27a6fdc4473487466f5ceae4b2e.jpg, 0, 1, 0, 0
levle2_125_jpg.rf.139ccc9dfe31142a7a74cbcbf98d400a.jpg, 0, 0, 1, 0
levle0_41_jpg.rf.15291d7658791d7c8e09a3b804cf1450.jpg, 1, 0, 0, 0
levle2_56_jpg.rf.091bcaa6fff379a6b3d5c851c2e7dfbd.jpg, 0, 0, 1, 0
4655y_jpg.rf.17e72eec2180e1bf8f25ade242efb1e7.jpg, 0, 0, 0, 1
levle0_140_jpg.rf.0bca24211e70182c1e700bc40dd97c7d.jpg, 1, 0, 0, 0
levle1_530a_jpg.rf.17c5ae0fb47ccbe12647d7fb2db1ce2a.jpg, 0, 1, 0, 0
levle1_177b_jpg.rf.09151ba1f854215cea2ad8f62d8a122c.jpg, 0, 1, 0, 0
levle2_115_jpg.rf.1ed811d8303dfc38bfbfa95b2b7f3256.jpg, 0, 0, 1, 0
levle3_118_jpg.rf.219d8676c2ceec2c1ee5acdee3294177.jpg, 0, 0, 1, 0
levle0_70_jpg.rf.1cd9eae0e71693a89fbcb61d0582299c.jpg, 1, 0, 0, 0
33333a_jpg.rf.1f3f95dff95f62242059b117f12d5819.jpg, 0, 0, 0, 1
kl47_jpg.rf.10bbe20126a7b3c1828c39c4eb2e3576.jpg, 0, 0, 0, 1
levle0_34_jpg.rf.0d5eea39b92a19cbee3ec9534d48c3c5.jpg, 1, 0, 0, 0
levle0_40_jpg.rf.14bd1ab337df51211c17774a872081e0.jpg, 1, 0, 0, 0
assdf5_jpg.rf.04e4e64092b0a8426f47945b74b8f4dc.jpg, 0, 0, 0, 1
levle0_13_jpg.rf.21d4151d602af071a95a6b6b64f1ce7b.jpg, 1, 0, 0, 0
iu4_jpg.rf.22821fb9a4946501547ddec240d3ca7e.jpg, 0, 0, 0, 1
download2_jpg.rf.241af62f4a5cbbb7058abb4d270f504e.jpg, 0, 0, 0, 1
images-2-_jpg.rf.241c136c2213ced4cbff55f6af387557.jpg, 0, 0, 0, 1
levle3_83_jpg.rf.247fda369528b64dbfba511216310cc6.jpg, 0, 0, 1, 0
qwwe1_jpg.rf.26592fc3127ef4ca4b121ca993480d21.jpg, 0, 0, 0, 1
levle0_159_jpg.rf.28c5e0fee747fe193d1016d516027cf2.jpg, 1, 0, 0, 0
levle2_125_jpg.rf.28ef7f1927a950a00c7140c6f5158783.jpg, 0, 0, 1, 0
levle1_332_jpg.rf.2cf803674cb1b621656fd44bbf6487f9.jpg, 0, 1, 0, 0
levle2_134_jpg.rf.2caf9a60ad50ea95687a7c5950189ac3.jpg, 0, 0, 1, 0
levle1_439a_jpg.rf.2b219eca7727bdbaf9b886711fa881ac.jpg, 0, 1, 0, 0
levle1_361_jpg.rf.2dce99c47a3c78487eba182deaf0928f.jpg, 0, 1, 0, 0
levle2_177_jpg.rf.2fddeb035d4eeb4bb2c621f8a27d183e.jpg, 0, 0, 1, 0
levle1_396_jpg.rf.31518c53b01b9734eadd04c4a7324af6.jpg, 0, 1, 0, 0
levle1_484_jpg.rf.2f83f4d34a55ecf8c99c8a8b667dce32.jpg, 0, 1, 0, 0
levle2_115_jpg.rf.2f7f46ad4842ce0132c62140276c6529.jpg, 0, 0, 1, 0
levle0_223_jpg.rf.32fb02981d37656b9e60eee4022a1a6d.jpg, 1, 0, 0, 0
levle1_280_jpg.rf.34583a80fadca7dbef013044ee2b36d5.jpg, 0, 1, 0, 0
1-1095-_jpg.rf.3509ac8383467f856d8df9ed90c6f880.jpg, 0, 0, 0, 1
sa5_jpg.rf.33f11778442bb99d282c7c07a417318f.jpg, 0, 0, 0, 1
levle1_364_jpg.rf.359932ab685837c56a1665ed869bd1c5.jpg, 0, 1, 0, 0
kl45_jpg.rf.38af6e2304e0848aeee534c26c8a75ed.jpg, 0, 0, 0, 1
153328646q_jpg.rf.3832fa45eba5836700a659c5d9ea4493.jpg, 0, 0, 0, 1
levle2_183_jpg.rf.367f5ec3ccee00827f36840c366f604a.jpg, 0, 0, 1, 0
1234567g_jpg.rf.39921e103daf20bbe33769e2559fa427.jpg, 0, 0, 0, 1
tr5_jpg.rf.38e8890a7d8e3bc83135bf90916208a6.jpg, 0, 0, 0, 1
levle0_192_jpg.rf.399ac6528eb82e0236da12d5cae02f44.jpg, 1, 0, 0, 0
levle2_158_jpg.rf.38ee02f8be907a358bb3e22416dcd005.jpg, 0, 0, 1, 0
levle1_533a_jpg.rf.3a30e71c84e268b9b3604166490451f1.jpg, 0, 1, 0, 0
levle0_109_jpg.rf.39cccce6b7af9ab29c7573950743fd65.jpg, 1, 0, 0, 0
levle0_38_jpg.rf.3b027e62546d958eaac79e5b93518ee7.jpg, 1, 0, 0, 0
levle0_175_jpg.rf.3a39f1d3459e751e341448f40477d6a9.jpg, 1, 0, 0, 0
images-9-_jpg.rf.3c98bc1a25bd5c5d1460214f8cab814c.jpg, 0, 0, 0, 1
levle1_133q_jpg.rf.3c249c83567b38247ffcb15edc298a04.jpg, 0, 1, 0, 0
levle0_158_jpg.rf.3b8bd530781a7ef23228ea56e57f175a.jpg, 1, 0, 0, 0
levle1_212_jpg.rf.3cbeff46da78ca62f0b57588c9ac6c3e.jpg, 0, 1, 0, 0
levle2_57_jpg.rf.3f2ff21a50830210bc125f88f49e34eb.jpg, 0, 0, 1, 0
levle2_143_jpg.rf.407c75ddb19fc748903d0dee51620c44.jpg, 0, 0, 1, 0
levle2_114_jpg.rf.3d10627a93b0ca99a5468405b5943cc2.jpg, 0, 0, 1, 0
levle2_125_jpg.rf.416d8aae1b9822017104438071acb887.jpg, 0, 0, 1, 0
czv-panto-1d_jpg.rf.44cc044c451f373ee2520ef55d0a0bd4.jpg, 0, 0, 0, 1
levle0_111_jpg.rf.43d2507304d289c24763ec7f4056a4b0.jpg, 1, 0, 0, 0
levle3_130_jpg.rf.458ae047d11cc6a9bea85688be7c2063.jpg, 0, 0, 1, 0
download4_jpg.rf.41e7dbd7112d60c56829a1600ec3df08.jpg, 0, 0, 0, 1
levle1_226_jpg.rf.45e1f347446743bf4aa61b8ae8a4f6e0.jpg, 0, 1, 0, 0
levle2_148_jpg.rf.45fca6553205a2df5ebdca099ce24d1b.jpg, 0, 0, 1, 0
1-1044-_jpg.rf.46eaea24d18a9c1c7a669dbc99a35449.jpg, 0, 0, 0, 1
levle1_530a_jpg.rf.46025b9f4795c3a6c0f5edb51a4a1496.jpg, 0, 1, 0, 0
images-5-_jpg.rf.4827bf28cefb09ada53392af7ac71d16.jpg, 0, 0, 0, 1
ghjkl1_jpg.rf.47296cea079e90846b62142c51363cdb.jpg, 0, 0, 0, 1
yt1_jpg.rf.48e8f5b4d00576c2343913dab81d3644.jpg, 0, 0, 0, 1
1-1095-o_jpg.rf.4a11bc4d09a0c6149d1df8553a0de572.jpg, 0, 0, 0, 1
images-5-_jpg.rf.4bc0ff4a1c56b0cabe05c413f4235d9e.jpg, 0, 0, 0, 1
levle2_50_jpg.rf.4bc1bae90c8e7ec364823f235e046c59.jpg, 0, 0, 1, 0
levle0_89_jpg.rf.4a5bfd2797fac3fcdea4b9cec99db192.jpg, 1, 0, 0, 0
1-1095-q_jpg.rf.4cb4f1ad65239b0a42697385b21f109b.jpg, 0, 0, 0, 1
levle1_553a_jpg.rf.4d21b3f497ee4bab860d593b21b12fa5.jpg, 0, 1, 0, 0
levle2_21_jpg.rf.4e2c60d3049223f06dc73e730fb25a5b.jpg, 0, 0, 1, 0
po1_jpg.rf.4d8afa3b5dd7039f788c064d4206edf4.jpg, 0, 0, 0, 1
levle2_162_jpg.rf.4e547f8d7740b1a79ea8ec3fbbef0ace.jpg, 0, 0, 1, 0
levle0_179_jpg.rf.4e614c05f64c995243706c99a13513c9.jpg, 1, 0, 0, 0
levle3_82_jpg.rf.4ff620f46687a6f4a8f88ef04762d34c.jpg, 0, 0, 1, 0
po564_jpg.rf.50ea1159d79264ca474a62bc063fe64d.jpg, 0, 0, 0, 1
levle2_53_jpg.rf.4f8d9b3827a5e5aef96c78d5373d92f2.jpg, 0, 0, 1, 0
images-3-_jpg.rf.51c0e122bcc5d33133b6410815a7e14f.jpg, 0, 0, 0, 1
levle2_79_jpg.rf.526f6e0e6f78a162ca9f65f0b585ee93.jpg, 0, 0, 1, 0
levle0_78_jpg.rf.52f131a5d2bb1c04653aba47a8854188.jpg, 1, 0, 0, 0
levle3_111_jpg.rf.52ec1dd6e24d296fcb8c05eb8ba51c94.jpg, 0, 0, 1, 0
levle0_100_jpg.rf.53245562180d69bb4051e70089931301.jpg, 1, 0, 0, 0
levle1_334-1-_jpg.rf.53f1e2841fbfe9ef3ca788d55995ad3c.jpg, 0, 1, 0, 0
po7_jpg.rf.551a628565382f550e9195701062d7ea.jpg, 0, 0, 0, 1
czv-panto-1d_jpg.rf.5381b76d7c08ff21ed15ec1ef57e14ab.jpg, 0, 0, 0, 1
levle1_129w_jpg.rf.577c11192a4dbd02ee3fe4fa0e7b9692.jpg, 0, 1, 0, 0
levle2_35_jpg.rf.582819f99b0e1bc98603f2ec367f5bd4.jpg, 0, 0, 1, 0
levle1_124q_jpg.rf.58859c7a2672c6dbd1e5bf4deaf3d38c.jpg, 0, 1, 0, 0
kl45_jpg.rf.5ada2ca3330b0940680faa6a39205fb7.jpg, 0, 0, 0, 1
levle0_85_jpg.rf.5a1ee2faea097bea48747185df7688b6.jpg, 1, 0, 0, 0
1-1003-_jpg.rf.57c8b4b0d32148b0848af95cb6252e6f.jpg, 0, 0, 0, 1
levle2-65_jpg.rf.5b899fa65c3c12bee404ecb819100007.jpg, 0, 0, 1, 0
1-10-q_jpg.rf.5c198f3594b8d6fb7deda13ee15d902e.jpg, 0, 0, 0, 1
levle0_220_jpg.rf.5ae406db5b6e489e2cd0c92ce91a4812.jpg, 1, 0, 0, 0
download3_jpg.rf.5f191fd9865311a1bec50269e44537cb.jpg, 0, 0, 0, 1
levle0_175_jpg.rf.5d2f4dc9231a3a68a93ff3a369db66d9.jpg, 1, 0, 0, 0
levle2_38_jpg.rf.5d5993fa340deaca3839b366926c6749.jpg, 0, 0, 1, 0
153328646q_jpg.rf.5ff9d130aafd058d4378f62c7ab28c97.jpg, 0, 0, 0, 1
levle0_82_jpg.rf.631c5988df58fa5a00487e54080617c6.jpg, 1, 0, 0, 0
levle0_153_jpg.rf.61e7aa2b7cea6440b5821be9439ba878.jpg, 1, 0, 0, 0
levle2_35_jpg.rf.60738ff11023bafa5f37d55c765cdd72.jpg, 0, 0, 1, 0
levle0_19_jpg.rf.633f7b72631b20bdaed1b125fc6af7ec.jpg, 1, 0, 0, 0
123456a_jpg.rf.63daa8e7adb20ee54522d8c8d5c82325.jpg, 0, 0, 0, 1
relaxed3_jpg.rf.64e7197f23098c29d5d89f5c62d3650d.jpg, 0, 0, 0, 1
levle1_251_jpg.rf.64cc4bc7309732df556733cd26a44e05.jpg, 0, 1, 0, 0
levle2_178_jpg.rf.64ba51a1b6c8c6239f9df4f9d92371eb.jpg, 0, 0, 1, 0
levle0_144_jpg.rf.659fa597a6d88072805c136d51524151.jpg, 1, 0, 0, 0
levle1_480a_jpg.rf.663942fae05c6c7dd906fb2a419d71af.jpg, 0, 1, 0, 0
levle3_130_jpg.rf.663445e4821cd3f134287d890bbb8677.jpg, 0, 0, 1, 0
levle2_118_jpg.rf.67e5bf6afda083169a8c5e4fc4de336d.jpg, 0, 0, 1, 0
levle2_109_jpg.rf.681dfe54b70bb9f957c6aa9da32811db.jpg, 0, 0, 1, 0
ghjkl1_jpg.rf.680cbe6983d1d2563a037fc8175cacc1.jpg, 0, 0, 0, 1
levle1_467_jpg.rf.6857fa68cfac9f51192784ae9002c106.jpg, 0, 1, 0, 0
levle2_141_jpg.rf.69318fa9a4f2898aefe8cdd76af41b6e.jpg, 0, 0, 1, 0
levle1_282_jpg.rf.696b16ab5956771a7b48b9a62eb0299f.jpg, 0, 1, 0, 0
levle1_466_jpg.rf.696dea65445b9984407017da741ae91f.jpg, 0, 1, 0, 0
levle2_118_jpg.rf.69b92a33d34358dad141e32059dd6e5f.jpg, 0, 0, 1, 0
levle3_113_jpg.rf.6a3404f41e19acbb1b4f9977fd1df175.jpg, 0, 0, 1, 0
levle1_501_jpg.rf.6d44f562372efef20960880dff76bb6b.jpg, 0, 1, 0, 0
levle1_553a_jpg.rf.6b0e65241ea4def619721b1fda26ff42.jpg, 0, 1, 0, 0
levle0_2_jpg.rf.6a5064bea17456d204165b7c318a7162.jpg, 1, 0, 0, 0
4245t_jpg.rf.6d801fd98526d03a8557bc5581482145.jpg, 0, 0, 0, 1
levle0_139_jpg.rf.6db4d6889503f9e97d8f72acb374d115.jpg, 1, 0, 0, 0
levle1_240a_jpg.rf.6d793091daeaf6c71ab483a3f6f24fd9.jpg, 0, 1, 0, 0
153328646o_jpg.rf.6d88086de128d844b814a8a38afc1a54.jpg, 0, 0, 0, 1
jjj1_jpg.rf.6e1611dc8e9b7d4bd417565926758e41.jpg, 0, 0, 0, 1
kl5_jpg.rf.6ee3f1e776232eb3510bf7916a08c533.jpg, 0, 0, 0, 1
levle0_115_jpg.rf.6e1f27d5609253384a01ec52dd2b0bb9.jpg, 1, 0, 0, 0
levle2_70_jpg.rf.6eea20b7b10e79c370e69ad5d99c4226.jpg, 0, 0, 1, 0
sa3_jpg.rf.6f6f31ca1649b0c74f1edc54616d8354.jpg, 0, 0, 0, 1
levle2_39_jpg.rf.720b9f15b72351295b75e2fc1e406833.jpg, 0, 0, 1, 0
qwerty1_jpg.rf.72d9be2d5cca505df3c8b7e3f40556af.jpg, 0, 0, 0, 1
levle0_99_jpg.rf.72824da59a1bfa1ff5b5603a8898c64f.jpg, 1, 0, 0, 0
levle0_176_jpg.rf.733de7f1d2255b98a82a94ec0e3c48fb.jpg, 1, 0, 0, 0
levle0_47_jpg.rf.71e55a0864d754b49fd8b18460c804da.jpg, 1, 0, 0, 0
levle0_167_jpg.rf.741aac9061ccb812ba74833ae381eafa.jpg, 1, 0, 0, 0
levle1_550_jpg.rf.74c78b7837e64ed4eda00780f8f2c4d5.jpg, 0, 1, 0, 0
levle1_361_jpg.rf.7497727454cbd7acee0d01e9cf15f1d9.jpg, 0, 1, 0, 0
levle2_83_jpg.rf.740bcf23c686e3542710bad92df9f6f8.jpg, 0, 0, 1, 0
levle2_166_jpg.rf.74f82c377043901b8e82bef0574500af.jpg, 0, 0, 1, 0
levle0_182_jpg.rf.752bf860abce9b0a82aacedaf18e3b3d.jpg, 1, 0, 0, 0
levle0_120_jpg.rf.75f8f4e32c897a2cf11aadfc7e5f8dd0.jpg, 1, 0, 0, 0
4245e_jpg.rf.76b2d4c4097f91fd7fa310de248b3154.jpg, 0, 0, 0, 1
levle1_248_jpg.rf.7546675049b314c3c8709421322d06f6.jpg, 0, 1, 0, 0
levle0_82_jpg.rf.78f09db5e64345dec9ae7815b8c1d636.jpg, 1, 0, 0, 0
1-10-_jpg.rf.7b228a533b1846d8cffbfd199609f2d7.jpg, 0, 0, 0, 1
levle0_149_jpg.rf.7b7d5494667c3f811165b85b2a2ff139.jpg, 1, 0, 0, 0
levle0_194_jpg.rf.7c775deb2a109b2c30df3f5c7e735439.jpg, 1, 0, 0, 0
levle1_288_jpg.rf.7b4b0350222eeb7ffb0c4b598894e94d.jpg, 0, 1, 0, 0
1533286460_jpg.rf.7ffd291903776d11a7cfc852dcf681fb.jpg, 0, 0, 0, 1
levle2_50_jpg.rf.8034119ba99a77e2b19aa60e6f732e17.jpg, 0, 0, 1, 0
levle1_333_jpg.rf.7de432dbd8a67482f993cc65d4821d80.jpg, 0, 1, 0, 0
686201443a_jpg.rf.7c62dce6de3e35cdd4a65b9ff42e77af.jpg, 0, 0, 0, 1
levle0_139_jpg.rf.81cfeb9ebe09b623dfb12c75668c7952.jpg, 1, 0, 0, 0
jjj1_jpg.rf.830b9a4584ffc1f56daba34b98124d10.jpg, 0, 0, 0, 1
levle1_146a_jpg.rf.836e3e50d768682d4669afdfa5a59996.jpg, 0, 1, 0, 0
tr3_jpg.rf.8340efff74d2b7db321014d1030ab053.jpg, 0, 0, 0, 1
levle1_125a_jpg.rf.8726679c05cd969047373ff5d27bca79.jpg, 0, 1, 0, 0
levle2_106_jpg.rf.878dbccb0e768c34a5ef42d9cfde648f.jpg, 0, 0, 1, 0
levle2_167_jpg.rf.8650b7cf5c465d12c7465d46b94d4ed4.jpg, 0, 0, 1, 0
levle2_64_jpg.rf.87a1ddb42574100750b05c2b775ee4b1.jpg, 0, 0, 1, 0
levle1_501_jpg.rf.839fcbc1c86d2d42021443f888469364.jpg, 0, 1, 0, 0
levle2_98_jpg.rf.8a0722333140be75a71f1aea45f1f756.jpg, 0, 0, 1, 0
asfd1_jpg.rf.89a7cdc64407d5232cd0829e3f1369a4.jpg, 0, 0, 0, 1
123456a_jpg.rf.8a97e7c84db90ab5e2c183912a20bf99.jpg, 0, 0, 0, 1
levle2_119_jpg.rf.8a9e0bf95ab90a2740226ad56e1a3859.jpg, 0, 0, 1, 0
1-1044-_jpg.rf.8aea063b63c2cc1c955ed0e13171dbbc.jpg, 0, 0, 0, 1
1234_jpg.rf.8d7ebaaf3c116189a8ccc559d51a5876.jpg, 0, 0, 0, 1
levle0_69_jpg.rf.8d9a7157f5d5df9b6b5272c8c7f2febf.jpg, 1, 0, 0, 0
levle0_99_jpg.rf.8f21e3b2c5e235c8b868f3149bc807fd.jpg, 1, 0, 0, 0
levle1_129w_jpg.rf.8fdddad6eb9c16a0f242bae3fe58c49f.jpg, 0, 1, 0, 0
levle1_191v_jpg.rf.8fc345f82908dc0103042d71c4babe10.jpg, 0, 1, 0, 0
levle0_38_jpg.rf.905d2a46ef05c19fa04caa82150e6451.jpg, 1, 0, 0, 0
levle2_34_jpg.rf.9118d8dd8c0b6ebe29d55e5801c4792f.jpg, 0, 0, 1, 0
download3_jpg.rf.90a5132f8e55acb882caf70b94268229.jpg, 0, 0, 0, 1
levle3_118_jpg.rf.91a303c288156bfbedbaa19dacf8e489.jpg, 0, 0, 1, 0
sa12_jpg.rf.920c732bf0502afd690c570ec2a1ba68.jpg, 0, 0, 0, 1
we-1_jpg.rf.940ab62443535c66bf9523e3e48eec48.jpg, 0, 0, 0, 1
levle1_125a_jpg.rf.92cd2f0244f443ab6ed6cefe07bc2471.jpg, 0, 1, 0, 0
levle0_151_jpg.rf.9355fa5885b7eed9bd10674b5c1db19a.jpg, 1, 0, 0, 0
levle2_88_jpg.rf.92397eb99cd11d4277641a8174573f24.jpg, 0, 0, 1, 0
images-3-_jpg.rf.94881e344c1de4a47dbd450d69634e81.jpg, 0, 0, 0, 1
levle0_40_jpg.rf.96f3bc6f9960bb55b1afd4bc38baf134.jpg, 1, 0, 0, 0
686201443a_jpg.rf.95aa6f67e09c01d822846cd441b87ab5.jpg, 0, 0, 0, 1
images-1-_jpg.rf.978fc7d52a232a189a6601c73b4ee7d3.jpg, 0, 0, 0, 1
asdf1_jpg.rf.971776defc96a564aff620ed665be853.jpg, 0, 0, 0, 1
2015-q_jpg.rf.985ee69e6f055d6dee01a55055e7fea0.jpg, 0, 0, 0, 1
123456y_jpg.rf.994df796e09b5a9a9a0a06c57fe1d95e.jpg, 0, 0, 0, 1
levle2_96_jpg.rf.98b9b897b25a362e09eca4ed4306cb08.jpg, 0, 0, 1, 0
levle1_288_jpg.rf.9b2da3d86d70bff8b50bc93188d6efad.jpg, 0, 1, 0, 0
tr5_jpg.rf.9b6dc98f108efb867ec34d05ba4be275.jpg, 0, 0, 0, 1
levle0_171_jpg.rf.9d0e5383b6694306b683dd0807b384a5.jpg, 1, 0, 0, 0
levle2_157_jpg.rf.9dca8e46009e84503d5bd54dbff7dd1c.jpg, 0, 0, 1, 0
levle0_47_jpg.rf.9edbfbb9b149a48865fbdbef94a59149.jpg, 1, 0, 0, 0
levle2_21_jpg.rf.988f986ad1ea92abdb69052311952249.jpg, 0, 0, 1, 0
levle0_198_jpg.rf.9f61ca86902a54251b6512f906e24bab.jpg, 1, 0, 0, 0
levle2_106_jpg.rf.9fc2e2cc992c22acf47e65356a1b3c45.jpg, 0, 0, 1, 0
levle1_293-1-_jpg.rf.a0cf41c5fa2fe45332503bf33779f917.jpg, 0, 1, 0, 0
59948a2722000009371a64e3a_jpg.rf.a2bd2e2d7985cadad8599e70c66ccccf.jpg, 0, 0, 0, 1
kl43_jpg.rf.a4461c069b16ba8d446bdc5e39fe94c4.jpg, 0, 0, 0, 1
levle0_69_jpg.rf.a15f6bada710affdb641b425786d035a.jpg, 1, 0, 0, 0
levle2_171_jpg.rf.9f5e298efed8dbc35015a495db133365.jpg, 0, 0, 1, 0
levle2-65_jpg.rf.a73d086e3b88da51f30262116d1122ae.jpg, 0, 0, 1, 0
levle1_553a_jpg.rf.a8f360b446f02df0e31da6723e557a5d.jpg, 0, 1, 0, 0
20154_jpg.rf.aaa88cad184abaee7300ee2a597f48fe.jpg, 0, 0, 0, 1
1234567t_jpg.rf.ac1ab3eb83a12e7cfcc287fa3168edbc.jpg, 0, 0, 0, 1
levle1_110e_jpg.rf.abd7f88e62837dc3ce747ba442fbe6f5.jpg, 0, 1, 0, 0
levle2_56_jpg.rf.ab913bca78405f5b0f2e1a6361c693a4.jpg, 0, 0, 1, 0
levle0_153_jpg.rf.ac816a24791b4a40c05530d673dc6164.jpg, 1, 0, 0, 0
153328646a_jpg.rf.acf4028eb04396a75ac7d49c672edeff.jpg, 0, 0, 0, 1
images-8-_jpg.rf.acf7e5035135708744a1ae9cb31c92e8.jpg, 0, 0, 0, 1
levle0_1_jpg.rf.ad463e5d69426d2c863c72c5d3fb5284.jpg, 1, 0, 0, 0
levle1_554a_jpg.rf.afb1f1852c35afac6db31156b8f89b62.jpg, 0, 1, 0, 0
levle2-147_jpg.rf.aff774ebbf597140b5aa62ff5ab01bb5.jpg, 0, 0, 1, 0
levle2_162_jpg.rf.b33ae9214bae0129dda7713d09bac2d6.jpg, 0, 0, 1, 0
levle1_124_jpg.rf.b10393c3be1b0b6061354ff80a0a9dfa.jpg, 0, 1, 0, 0
levle1_110e_jpg.rf.b5a4795e2ed9f21323a940b52e7ec701.jpg, 0, 1, 0, 0
levle1_501_jpg.rf.b57a44642bf4a64da70a5010c111935d.jpg, 0, 1, 0, 0
levle1_191_jpg.rf.b54086a896b9112034c582da64dd0a82.jpg, 0, 1, 0, 0
yu1_jpg.rf.b859721953be4681a6588b42b37b1b63.jpg, 0, 0, 0, 1
levle1_228_jpg.rf.b1fe93f62e6e83bc5f06d51a97b2d1c4.jpg, 0, 1, 0, 0
levle1_430a_jpg.rf.bac1d5dada654e08b3161949b330b21a.jpg, 0, 1, 0, 0
levle2_34_jpg.rf.bb06357c265537f37bf132da26e57cf6.jpg, 0, 0, 1, 0
levle2_110-Copy_jpg.rf.b8749e430ddd8d00240abbfd724a1242.jpg, 0, 0, 1, 0
1-1044-a_jpg.rf.bebc0e4953b709a06a915931488d3c5c.jpg, 0, 0, 0, 1
levle0_171_jpg.rf.bc79fa4bacad598ed634f42431e084f7.jpg, 1, 0, 0, 0
levle1_282_jpg.rf.bcad3aa32527176e8307a3209005c09e.jpg, 0, 1, 0, 0
download2_jpg.rf.bc0a6470b4803ef60a0c5a06646aa75b.jpg, 0, 0, 0, 1
levle1_397_jpg.rf.bf1aeadbc7996cac3aa4d6272a71f91b.jpg, 0, 1, 0, 0
123456y_jpg.rf.bec120d9f4acd7c4522bb021047c69a1.jpg, 0, 0, 0, 1
levle0_106_jpg.rf.b9d523f3067d7b16c7429ec39a981ff3.jpg, 1, 0, 0, 0
levle1_179c_jpg.rf.c0607a8cd09de45be814c33528d26f8e.jpg, 0, 1, 0, 0
levle1_121_jpg.rf.c138c72dce75b2ce672297f50de78bc2.jpg, 0, 1, 0, 0
levle2_174_jpg.rf.c3be78aafe341e6ea0cd899524eb2a4a.jpg, 0, 0, 1, 0
levle1_484a_jpg.rf.c548125c9db1464554748cf68d798a40.jpg, 0, 1, 0, 0
4655y_jpg.rf.c5312f73f5d317defd50b04885280998.jpg, 0, 0, 0, 1
2015-r_jpg.rf.c3100b6153132ad4aec0779f8e106d78.jpg, 0, 0, 0, 1
levle1_129_jpg.rf.c6f4e3c023ce376627d40a8b12db6db9.jpg, 0, 1, 0, 0
ch1_jpg.rf.c721b0f436c1ca7d809a12ec44a54a4e.jpg, 0, 0, 0, 1
levle1_484a_jpg.rf.c741a879318e2f3cfcdf65209fe8503a.jpg, 0, 1, 0, 0
kkk1_jpg.rf.c919a58b38db864c2aaacfa66c40f1bc.jpg, 0, 0, 0, 1
levle1_293-1-_jpg.rf.c9296deb8fb34b2108ba5bb6bec4b1a9.jpg, 0, 1, 0, 0
levle0_216_jpg.rf.c978a34dd486f9b6298d24382e744e63.jpg, 1, 0, 0, 0
levle0_122_jpg.rf.cb1bea68e8557c9f5b8870f17ca2903c.jpg, 1, 0, 0, 0
levle0_198_jpg.rf.c9d1ae3dc7bc6faf88f61c9953ade4bc.jpg, 1, 0, 0, 0
levle1_248b_jpg.rf.ca40ee9f02469bb74220b479555757d8.jpg, 0, 1, 0, 0
czv-panto-1qa_jpg.rf.cc1c81c56bc0f2c4d010228af7f3495d.jpg, 0, 0, 0, 1
po765_jpg.rf.ca7ed45a3236ee7ccb9b1ad801676c55.jpg, 0, 0, 0, 1
levle0_160_jpg.rf.cbc5f11a0cb228a99f01a84ea3ae75bd.jpg, 1, 0, 0, 0
ghjkl1_jpg.rf.cca8dd990b481f3cdb222ffb2687e41f.jpg, 0, 0, 0, 1
er1_jpg.rf.d15accf6de05523d1ee9d80fe8dacb42.jpg, 0, 0, 0, 1
levle1_191d_jpg.rf.d08fdf73446f38d7a57798e3f294dc11.jpg, 0, 1, 0, 0
iu4_jpg.rf.d021cfaac1cfef0de301b8051775bbba.jpg, 0, 0, 0, 1
levle0_47_jpg.rf.d1e9fcb6e1ab6d10bf481c74248f160e.jpg, 1, 0, 0, 0
po1_jpg.rf.d3c3fe2a24764777b4e36272fbc2f0fa.jpg, 0, 0, 0, 1
levle1_146a_jpg.rf.d2c29c2841b0a2c40267cb60e06484f2.jpg, 0, 1, 0, 0
levle0_162_jpg.rf.d3beb5762a4c4a9ba31aebfcca9c7537.jpg, 1, 0, 0, 0
levle0_53_jpg.rf.d45b166b1327e8d7cc42ec6903561e02.jpg, 1, 0, 0, 0
levle0_101_jpg.rf.d4167c45cb7d5f434f548f0f2faf05ad.jpg, 1, 0, 0, 0
Asian1_jpg.rf.d5fc3b0f270c2950003ff28b3c682702.jpg, 0, 0, 0, 1
1234_jpg.rf.d57fc2a9baa8755c18c3cf07f8f2aed7.jpg, 0, 0, 0, 1
levle0_130_jpg.rf.d656ad4b7d22224980073f1a106597b5.jpg, 1, 0, 0, 0
levle1_361_jpg.rf.d7d2bdaca03bc232635966a0ee3694d2.jpg, 0, 1, 0, 0
levle2_38_jpg.rf.d885df9f1956aa5b967ecd5370250f28.jpg, 0, 0, 1, 0
levle1_484a_jpg.rf.d7132e0aa6c80f8ea42c9705889897b7.jpg, 0, 1, 0, 0
1-10-_jpg.rf.d8911d0976917858bae7de8432f9b58a.jpg, 0, 0, 0, 1
Asian4_jpg.rf.d911ee316c692f70ff3b4b7bb976f27b.jpg, 0, 0, 0, 1
levle1_225_jpg.rf.d89fc72a95cec93be48228414370315e.jpg, 0, 1, 0, 0
levle1_499a_jpg.rf.d8fc91aa4a06c1091ecf4a4f41c9729e.jpg, 0, 1, 0, 0
levle2_176_jpg.rf.dc51f8612de4fa12e7edac2a8b3490ba.jpg, 0, 0, 1, 0
asdf1_jpg.rf.db8bc398082f1bf4e3e1b9a590a33324.jpg, 0, 0, 0, 1
levle0_205_jpg.rf.dd4389f9a8c323109a7cecbe4f1dc420.jpg, 1, 0, 0, 0
levle2_85_jpg.rf.dd8bfbbc9f95e691f1e123356e134b8e.jpg, 0, 0, 1, 0
levle1_124q_jpg.rf.de8d1ed89e09ee8ec38727f88f9ca8e9.jpg, 0, 1, 0, 0
1-10-s_jpg.rf.dfe91989612a11e5fefea622b2341bab.jpg, 0, 0, 0, 1
levle0_43_jpg.rf.dd52e7bba93c44d39fb9f203ce45eac3.jpg, 1, 0, 0, 0
download4_jpg.rf.e0d8300dd97426fbadcc784e4b2889ef.jpg, 0, 0, 0, 1
we4_jpg.rf.e4d2b056dd4b564a7ea95c28e3912529.jpg, 0, 0, 0, 1
levle1_191d_jpg.rf.e44f0720668003456b55b653526fb5ac.jpg, 0, 1, 0, 0
levle1_484_jpg.rf.e28373aa180dd2a57b49f5b48c1f2175.jpg, 0, 1, 0, 0
levle2_184_jpg.rf.e3638245cf92d509654da4231c409911.jpg, 0, 0, 1, 0
levle0_160_jpg.rf.e552456a9802e5519f6bfb35ebd8603f.jpg, 1, 0, 0, 0
qwwer4_jpg.rf.e6f81725442560ea253269cc915b5d48.jpg, 0, 0, 0, 1
levle1_390_jpg.rf.e63d6c25bf8cca78f280e0d135937e05.jpg, 0, 1, 0, 0
levle0_216_jpg.rf.e815952dced0e05f997c287b672d54cc.jpg, 1, 0, 0, 0
levle1_132r_jpg.rf.e8cde491860e91d8e28a34d90ec89b27.jpg, 0, 1, 0, 0
levle0_175_jpg.rf.e7e1a6eaa8eb25597cd48045c0cd039d.jpg, 1, 0, 0, 0
levle0_145_jpg.rf.e904f6e6e892468636a7ec0fa5a335a3.jpg, 1, 0, 0, 0
levle2_53_jpg.rf.e9c6cec3dc6ffdfab8871f8b70ad5561.jpg, 0, 0, 1, 0
levle0_53_jpg.rf.e8d820abf6ed53525c8b096b207eba09.jpg, 1, 0, 0, 0
levle2_119_jpg.rf.ead5f2b3e0fa54b759efe15da74c16c5.jpg, 0, 0, 1, 0
asyu1_jpg.rf.eb32b14934b4f2eb13af17bb74fae40f.jpg, 0, 0, 0, 1
1234567a_jpg.rf.ebde1a5c2a4e79f548a49e2bea2effee.jpg, 0, 0, 0, 1
po7_jpg.rf.ebf5d32b67d8daab886ec6f5e4bf4d67.jpg, 0, 0, 0, 1
levle0_102_jpg.rf.ed694ae0b6529bba8fb3191be1003e31.jpg, 1, 0, 0, 0
levle1_554_jpg.rf.ec3c6f1c33bcd38e86515ab220b39022.jpg, 0, 1, 0, 0
123456a_jpg.rf.ef9db9608dc5cd62fccc6abbad13a785.jpg, 0, 0, 0, 1
levle0_218_jpg.rf.f005f352ebef0f404991a5284b1d1048.jpg, 1, 0, 0, 0
1-1095-q_jpg.rf.ee4d9e13d82ec96318cce0468304ae9f.jpg, 0, 0, 0, 1
kl5_jpg.rf.f04999fea93439d79099bd6625d574bd.jpg, 0, 0, 0, 1
levle2_118_jpg.rf.f09b21b478b84b87a888b75bfde5ab14.jpg, 0, 0, 1, 0
1-1093-_jpg.rf.f2be879577edf7b111f070cd4dcef632.jpg, 0, 0, 0, 1
levle1_56_jpg.rf.f19c2950c2e49b241f53513d615a0529.jpg, 0, 1, 0, 0
we4_jpg.rf.f18166e87cb02fd88edb562c0e4ac95b.jpg, 0, 0, 0, 1
2015-5_jpg.rf.f32ba5dc8e30fc25640dff6953444932.jpg, 0, 0, 0, 1
levle1_133q_jpg.rf.f3f874f6d2fc025a35aa0100132e651d.jpg, 0, 1, 0, 0
images-9-_jpg.rf.f5146218e642f890badeac6ec096cd3c.jpg, 0, 0, 0, 1
qqq1_jpg.rf.f98a51e94d3807bd3932fe705452298a.jpg, 0, 0, 0, 1
levle0_36_jpg.rf.f61eee7de62b1d2099d2dde0ce280aae.jpg, 1, 0, 0, 0
4245ae_jpg.rf.fa20b35f482a592df8a8e280eaff31b5.jpg, 0, 0, 0, 1
ttt1_jpg.rf.fb520106a399821e4c403bca21bcabb8.jpg, 0, 0, 0, 1
levle1_293-1-_jpg.rf.fdab10f096ea4765cd3ae5eff9b6dc71.jpg, 0, 1, 0, 0
levle3_100_jpg.rf.ff9e24f9a694d3394608b971f96c469d.jpg, 0, 0, 1, 0
levle0_105_jpg.rf.fdced9c566835d4c815725d1d09fb96b.jpg, 1, 0, 0, 0
czv-panto-1q_jpg.rf.feece9548c4f9000c37ff4bc7b97f3a2.jpg, 0, 0, 0, 1